<?xml version="1.0" encoding="UTF-8"?>
<trip>
<!--
sequence - the order of the legs
start - the name of the starting location for a leg
finish - the name of the finishing location for a leg
mileage - the number of miles (to the nearest whole mile) between the starting and finishing locations
-->
<leg>
<sequence>1</sequence>
<start>Stop1</start>
<finish>Stop2</finish>
<mileage>49</mileage>
</leg>
<leg>
<sequence>2</sequence>
<start>Stop2</start>
<finish>Stop6</finish>
<mileage>54</mileage>
</leg>
<leg>
<sequence>3</sequence>
<start>Stop6</start>
<finish>Stop7</finish>
<mileage>28</mileage>
</leg>
<leg>
<sequence>4</sequence>
<start>Stop7</start>
<finish>Stop12</finish>
<mileage>27</mileage>
</leg>
<leg>
<sequence>5</sequence>
<start>Stop12</start>
<finish>Stop13</finish>
<mileage>38</mileage>
</leg>
<leg>
<sequence>6</sequence>
<start>Stop13</start>
<finish>Stop17</finish>
<mileage>44</mileage>
</leg>
<leg>
<sequence>7</sequence>
<start>Stop17</start>
<finish>Stop18</finish>
<mileage>61</mileage>
</leg>
<leg>
<sequence>8</sequence>
<start>Stop18</start>
<finish>Stop14</finish>
<mileage>38</mileage>
</leg>
<leg>
<sequence>9</sequence>
<start>Stop14</start>
<finish>Stop9</finish>
<mileage>28</mileage>
</leg>
<leg>
<sequence>10</sequence>
<start>Stop9</start>
<finish>Stop10</finish>
<mileage>43</mileage>
</leg>
<leg>
<sequence>11</sequence>
<start>Stop10</start>
<finish>Stop5</finish>
<mileage>35</mileage>
</leg>
<leg>
<sequence>12</sequence>
<start>Stop5</start>
<finish>Stop15</finish>
<mileage>63</mileage>
</leg>
<leg>
<sequence>13</sequence>
<start>Stop15</start>
<finish>Stop20</finish>
<mileage>58</mileage>
</leg>
<leg>
<sequence>14</sequence>
<start>Stop20</start>
<finish>Stop25</finish>
<mileage>41</mileage>
</leg>
<leg>
<sequence>15</sequence>
<start>Stop25</start>
<finish>Stop24</finish>
<mileage>58</mileage>
</leg>
<leg>
<sequence>16</sequence>
<start>Stop24</start>
<finish>Stop19</finish>
<mileage>16</mileage>
</leg>
<leg>
<sequence>17</sequence>
<start>Stop19</start>
<finish>Stop29</finish>
<mileage>62</mileage>
</leg>
<leg>
<sequence>18</sequence>
<start>Stop29</start>
<finish>Stop30</finish>
<mileage>35</mileage>
</leg>
<leg>
<sequence>19</sequence>
<start>Stop30</start>
<finish>Stop35</finish>
<mileage>39</mileage>
</leg>
<leg>
<sequence>20</sequence>
<start>Stop35</start>
<finish>Stop40</finish>
<mileage>58</mileage>
</leg>
<leg>
<sequence>21</sequence>
<start>Stop40</start>
<finish>Stop34</finish>
<mileage>43</mileage>
</leg>
<leg>
<sequence>22</sequence>
<start>Stop34</start>
<finish>Stop39</finish>
<mileage>17</mileage>
</leg>
<leg>
<sequence>23</sequence>
<start>Stop39</start>
<finish>Stop38</finish>
<mileage>24</mileage>
</leg>
<leg>
<sequence>24</sequence>
<start>Stop38</start>
<finish>Stop33</finish>
<mileage>38</mileage>
</leg>
<leg>
<sequence>25</sequence>
<start>Stop33</start>
<finish>Stop32</finish>
<mileage>18</mileage>
</leg>
<leg>
<sequence>26</sequence>
<start>Stop32</start>
<finish>Stop37</finish>
<mileage>54</mileage>
</leg>
<leg>
<sequence>27</sequence>
<start>Stop37</start>
<finish>Stop41</finish>
<mileage>22</mileage>
</leg>
<leg>
<sequence>28</sequence>
<start>Stop41</start>
<finish>Stop36</finish>
<mileage>37</mileage>
</leg>
<leg>
<sequence>29</sequence>
<start>Stop36</start>
<finish>Stop31</finish>
<mileage>40</mileage>
</leg>
<leg>
<sequence>30</sequence>
<start>Stop31</start>
<finish>Stop26</finish>
<mileage>48</mileage>
</leg>
<leg>
<sequence>31</sequence>
<start>Stop26</start>
<finish>Stop21</finish>
<mileage>32</mileage>
</leg>
<leg>
<sequence>32</sequence>
<start>Stop21</start>
<finish>Stop16</finish>
<mileage>61</mileage>
</leg>
<leg>
<sequence>33</sequence>
<start>Stop16</start>
<finish>Stop11</finish>
<mileage>56</mileage>
</leg>
<leg>
<sequence>34</sequence>
<start>Stop11</start>
<finish>Stop22</finish>
<mileage>107</mileage>
</leg>
<leg>
<sequence>35</sequence>
<start>Stop22</start>
<finish>Stop27</finish>
<mileage>40</mileage>
</leg>
<leg>
<sequence>36</sequence>
<start>Stop27</start>
<finish>Stop28</finish>
<mileage>60</mileage>
</leg>
<leg>
<sequence>37</sequence>
<start>Stop28</start>
<finish>Stop23</finish>
<mileage>55</mileage>
</leg>
<leg>
<sequence>38</sequence>
<start>Stop23</start>
<finish>Stop8</finish>
<mileage>126</mileage>
</leg>
<leg>
<sequence>39</sequence>
<start>Stop8</start>
<finish>Stop3</finish>
<mileage>25</mileage>
</leg>
<leg>
<sequence>40</sequence>
<start>Stop3</start>
<finish>Stop4</finish>
<mileage>52</mileage>
</leg>
<leg>
<sequence>41</sequence>
<start>Stop4</start>
<finish>Stop43</finish>
<mileage>289</mileage>
</leg>
<leg>
<sequence>42</sequence>
<start>Stop43</start>
<finish>Stop42</finish>
<mileage>44</mileage>
</leg>
<leg>
<sequence>43</sequence>
<start>Stop42</start>
<finish>Stop44</finish>
<mileage>88</mileage>
</leg>
<leg>
<sequence>44</sequence>
<start>Stop44</start>
<finish>Stop45</finish>
<mileage>70</mileage>
</leg>
<leg>
<sequence>44</sequence>
<start>Stop45</start>
<finish>Stop1</finish>
<mileage>398</mileage>
</leg>
</trip>
