<?xml version="1.0" encoding="UTF-8"?>
<trip>
<!--
sequence - the order of the legs
start - the name of the starting location for a leg
finish - the name of the finishing location for a leg
mileage - the number of miles (to the nearest whole mile) between the starting and finishing locations
-->
<leg>
<sequence>1</sequence>
<start>22</start>
<finish>35</finish>
<mileage>15</mileage>
</leg>
<leg>
<sequence>2</sequence>
<start>35</start>
<finish>18</finish>
<mileage>28</mileage>
</leg>
<leg>
<sequence>3</sequence>
<start>18</start>
<finish>4</finish>
<mileage>34</mileage>
</leg>
<leg>
<sequence>4</sequence>
<start>4</start>
<finish>44</finish>
<mileage>55</mileage>
</leg>
<leg>
<sequence>5</sequence>
<start>44</start>
<finish>27</finish>
<mileage>6</mileage>
</leg>
<leg>
<sequence>6</sequence>
<start>27</start>
<finish>26</finish>
<mileage>33</mileage>
</leg>
<leg>
<sequence>7</sequence>
<start>26</start>
<finish>33</finish>
<mileage>38</mileage>
</leg>
<leg>
<sequence>8</sequence>
<start>33</start>
<finish>36</finish>
<mileage>50</mileage>
</leg>
<leg>
<sequence>9</sequence>
<start>36</start>
<finish>24</finish>
<mileage>14</mileage>
</leg>
<leg>
<sequence>10</sequence>
<start>24</start>
<finish>13</finish>
<mileage>16</mileage>
</leg>
<leg>
<sequence>11</sequence>
<start>13</start>
<finish>8</finish>
<mileage>30</mileage>
</leg>
<leg>
<sequence>12</sequence>
<start>8</start>
<finish>7</finish>
<mileage>16</mileage>
</leg>
<leg>
<sequence>13</sequence>
<start>7</start>
<finish>11</finish>
<mileage>29</mileage>
</leg>
<leg>
<sequence>14</sequence>
<start>11</start>
<finish>1</finish>
<mileage>7</mileage>
</leg>
<leg>
<sequence>15</sequence>
<start>1</start>
<finish>14</finish>
<mileage>4</mileage>
</leg>
<leg>
<sequence>16</sequence>
<start>14</start>
<finish>50</finish>
<mileage>49</mileage>
</leg>
<leg>
<sequence>17</sequence>
<start>50</start>
<finish>28</finish>
<mileage>20</mileage>
</leg>
<leg>
<sequence>18</sequence>
<start>28</start>
<finish>49</finish>
<mileage>11</mileage>
</leg>
<leg>
<sequence>19</sequence>
<start>49</start>
<finish>38</finish>
<mileage>12</mileage>
</leg>
<leg>
<sequence>20</sequence>
<start>38</start>
<finish>37</finish>
<mileage>49</mileage>
</leg>
<leg>
<sequence>21</sequence>
<start>37</start>
<finish>43</finish>
<mileage>15</mileage>
</leg>
<leg>
<sequence>22</sequence>
<start>43</start>
<finish>41</finish>
<mileage>43</mileage>
</leg>
<leg>
<sequence>23</sequence>
<start>41</start>
<finish>2</finish>
<mileage>8</mileage>
</leg>
<leg>
<sequence>24</sequence>
<start>2</start>
<finish>29</finish>
<mileage>14</mileage>
</leg>
<leg>
<sequence>25</sequence>
<start>29</start>
<finish>17</finish>
<mileage>7</mileage>
</leg>
<leg>
<sequence>26</sequence>
<start>17</start>
<finish>9</finish>
<mileage>21</mileage>
</leg>
<leg>
<sequence>27</sequence>
<start>9</start>
<finish>39</finish>
<mileage>33</mileage>
</leg>
<leg>
<sequence>28</sequence>
<start>39</start>
<finish>12</finish>
<mileage>17</mileage>
</leg>
<leg>
<sequence>29</sequence>
<start>12</start>
<finish>21</finish>
<mileage>46</mileage>
</leg>
<leg>
<sequence>30</sequence>
<start>21</start>
<finish>31</finish>
<mileage>68</mileage>
</leg>
<leg>
<sequence>31</sequence>
<start>31</start>
<finish>25</finish>
<mileage>44</mileage>
</leg>
<leg>
<sequence>32</sequence>
<start>25</start>
<finish>30</finish>
<mileage>74</mileage>
</leg>
<leg>
<sequence>33</sequence>
<start>30</start>
<finish>34</finish>
<mileage>33</mileage>
</leg>
<leg>
<sequence>34</sequence>
<start>34</start>
<finish>6</finish>
<mileage>42</mileage>
</leg>
<leg>
<sequence>35</sequence>
<start>6</start>
<finish>10</finish>
<mileage>47</mileage>
</leg>
<leg>
<sequence>36</sequence>
<start>10</start>
<finish>16</finish>
<mileage>63</mileage>
</leg>
<leg>
<sequence>37</sequence>
<start>16</start>
<finish>46</finish>
<mileage>60</mileage>
</leg>
<leg>
<sequence>38</sequence>
<start>46</start>
<finish>45</finish>
<mileage>78</mileage>
</leg>
<leg>
<sequence>39</sequence>
<start>45</start>
<finish>20</finish>
<mileage>18</mileage>
</leg>
<leg>
<sequence>40</sequence>
<start>20</start>
<finish>19</finish>
<mileage>42</mileage>
</leg>
<leg>
<sequence>41</sequence>
<start>19</start>
<finish>48</finish>
<mileage>57</mileage>
</leg>
<leg>
<sequence>42</sequence>
<start>48</start>
<finish>32</finish>
<mileage>51</mileage>
</leg>
<leg>
<sequence>43</sequence>
<start>32</start>
<finish>5</finish>
<mileage>49</mileage>
</leg>
<leg>
<sequence>44</sequence>
<start>5</start>
<finish>15</finish>
<mileage>10</mileage>
</leg>
<leg>
<sequence>45</sequence>
<start>15</start>
<finish>3</finish>
<mileage>65</mileage>
</leg>
<leg>
<sequence>46</sequence>
<start>3</start>
<finish>40</finish>
<mileage>83</mileage>
</leg>
<leg>
<sequence>47</sequence>
<start>40</start>
<finish>23</finish>
<mileage>8</mileage>
</leg>
<leg>
<sequence>48</sequence>
<start>23</start>
<finish>47</finish>
<mileage>150</mileage>
</leg>
<leg>
<sequence>49</sequence>
<start>47</start>
<finish>42</finish>
<mileage>58</mileage>
</leg>
<leg>
<sequence>49</sequence>
<start>42</start>
<finish>22</finish>
<mileage>77</mileage>
</leg>
</trip>
